Workbook

Sheet Price data
A1: Date | B1: Time | C1: Y
A2: 44136 | B2: 1 | C2: 6.0097795
A3: 44137 | B3: 2 | C3: 6.4188849
A4: 44138 | B4: 3 | C4: 5.9970634
A5: 44139 | B5: 4 | C5: 6.2999411
A6: 44140 | B6: 5 | C6: 7.1346992
A7: 44141 | B7: 6 | C7: 7.0689326
A8: 44142 | B8: 7 | C8: 7.5742688
A9: 44143 | B9: 8 | C9: 7.9104713
A10: 44144 | B10: 9 | C10: 8.1812336
A11: 44145 | B11: 10 | C11: 8.1456082
A12: 44146 | B12: 11 | C12: 8.6744067
A13: 44147 | B13: 12 | C13: 8.7900539
... A118: 44252 | B118: 117 | C118: 16.372693

Sheet First-order Differencing
A1: Date | B1: Time | C1: Y | D1: dY
A2: =[1]Price!A2 -> 44136 | B2: =[1]Price!B2 -> 1 | C2: =[1]Price!C2 -> 6.0097795
A3: =[1]Price!A3 -> 44137 | B3: =[1]Price!B3 -> 2 | C3: =[1]Price!C3 -> 6.4188849 | D3: =C3-C2 -> 0.40910542
A4: =[1]Price!A4 -> 44138 | B4: =[1]Price!B4 -> 3 | C4: =[1]Price!C4 -> 5.9970634 | D4: =C4-C3 -> -0.42182151
A5: =[1]Price!A5 -> 44139 | B5: =[1]Price!B5 -> 4 | C5: =[1]Price!C5 -> 6.2999411 | D5: =C5-C4 -> 0.30287771
A6: =[1]Price!A6 -> 44140 | B6: =[1]Price!B6 -> 5 | C6: =[1]Price!C6 -> 7.1346992 | D6: =C6-C5 -> 0.83475811
A7: =[1]Price!A7 -> 44141 | B7: =[1]Price!B7 -> 6 | C7: =[1]Price!C7 -> 7.0689326 | D7: =C7-C6 -> -0.065766676
A8: =[1]Price!A8 -> 44142 | B8: =[1]Price!B8 -> 7 | C8: =[1]Price!C8 -> 7.5742688 | D8: =C8-C7 -> 0.50533627
A9: =[1]Price!A9 -> 44143 | B9: =[1]Price!B9 -> 8 | C9: =[1]Price!C9 -> 7.9104713 | D9: =C9-C8 -> 0.33620252
A10: =[1]Price!A10 -> 44144 | B10: =[1]Price!B10 -> 9 | C10: =[1]Price!C10 -> 8.1812336 | D10: =C10-C9 -> 0.27076227
A11: =[1]Price!A11 -> 44145 | B11: =[1]Price!B11 -> 10 | C11: =[1]Price!C11 -> 8.1456082 | D11: =C11-C10 -> -0.035625367
A12: =[1]Price!A12 -> 44146 | B12: =[1]Price!B12 -> 11 | C12: =[1]Price!C12 -> 8.6744067 | D12: =C12-C11 -> 0.52879844
A13: =[1]Price!A13 -> 44147 | B13: =[1]Price!B13 -> 12 | C13: =[1]Price!C13 -> 8.7900539 | D13: =C13-C12 -> 0.11564718
A14: =[1]Price!A14 -> 44148 | B14: =[1]Price!B14 -> 13 | C14: =[1]Price!C14 -> 7.9348882 | D14: =C14-C13 -> -0.85516565
... A118: =[1]Price!A118 -> 44252 | B118: =[1]Price!B118 -> 117 | C118: =[1]Price!C118 -> 16.372693 | D118: =C118-C117 -> -0.21081489

Sheet AR Data
B2: Date | C2: Time | D2: dY | E2: Lag 1
B3: =[1]Price!A2 -> 44136 | C3: =[1]Price!B2 -> 1
B4: =[1]Price!A3 -> 44137 | C4: =[1]Price!B3 -> 2 | D4: ='[1]First-order Differencing'!D3 -> 0.40910542
B5: =[1]Price!A4 -> 44138 | C5: =[1]Price!B4 -> 3 | D5: ='[1]First-order Differencing'!D4 -> -0.42182151 | E5: =D4 -> 0.40910542
B6: =[1]Price!A5 -> 44139 | C6: =[1]Price!B5 -> 4 | D6: ='[1]First-order Differencing'!D5 -> 0.30287771 | E6: =D5 -> -0.42182151
B7: =[1]Price!A6 -> 44140 | C7: =[1]Price!B6 -> 5 | D7: ='[1]First-order Differencing'!D6 -> 0.83475811 | E7: =D6 -> 0.30287771
B8: =[1]Price!A7 -> 44141 | C8: =[1]Price!B7 -> 6 | D8: ='[1]First-order Differencing'!D7 -> -0.065766676 | E8: =D7 -> 0.83475811
B9: =[1]Price!A8 -> 44142 | C9: =[1]Price!B8 -> 7 | D9: ='[1]First-order Differencing'!D8 -> 0.50533627 | E9: =D8 -> -0.065766676
B10: =[1]Price!A9 -> 44143 | C10: =[1]Price!B9 -> 8 | D10: ='[1]First-order Differencing'!D9 -> 0.33620252 | E10: =D9 -> 0.50533627
B11: =[1]Price!A10 -> 44144 | C11: =[1]Price!B10 -> 9 | D11: ='[1]First-order Differencing'!D10 -> 0.27076227 | E11: =D10 -> 0.33620252
B12: =[1]Price!A11 -> 44145 | C12: =[1]Price!B11 -> 10 | D12: ='[1]First-order Differencing'!D11 -> -0.035625367 | E12: =D11 -> 0.27076227
B13: =[1]Price!A12 -> 44146 | C13: =[1]Price!B12 -> 11 | D13: ='[1]First-order Differencing'!D12 -> 0.52879844 | E13: =D12 -> -0.035625367
B14: =[1]Price!A13 -> 44147 | C14: =[1]Price!B13 -> 12 | D14: ='[1]First-order Differencing'!D13 -> 0.11564718 | E14: =D13 -> 0.52879844
B15: =[1]Price!A14 -> 44148 | C15: =[1]Price!B14 -> 13 | D15: ='[1]First-order Differencing'!D14 -> -0.85516565 | E15: =D14 -> 0.11564718
B16: =[1]Price!A15 -> 44149 | C16: =[1]Price!B15 -> 14 | D16: ='[1]First-order Differencing'!D15 -> 0.40767706 | E16: =D15 -> -0.85516565
... B119: =[1]Price!A118 -> 44252 | C119: =[1]Price!B118 -> 117 | D119: ='[1]First-order Differencing'!D118 -> -0.21081489 | E119: =D118 -> 0.38670138

Sheet AR regression summary
A1: SUMMARY OUTPUT
A3: Regression Statistics
A4: Multiple R | B4: 0.24200281
A5: R Square | B5: 0.05856536
A6: Adjusted R Square | B6: 0.05023408
A7: Standard Error | B7: 0.44187611
A8: Observations | B8: 115
A10: ANOVA
B11: df | C11: SS | D11: MS | E11: F | F11: Significance F
A12: Regression | B12: 1 | C12: 1.3725562 | D12: 1.3725562 | E12: 7.0295753 | F12: 0.0091688723
A13: Residual | B13: 113 | C13: 22.063758 | D13: 0.19525449
A14: Total | B14: 114 | C14: 23.436314
B16: Coefficients | C16: Standard Error | D16: t Stat | E16: P-value | F16: Lower 95% | G16: Upper 95% | H16: Lower 95.0% | I16: Upper 95.0%
A17: Intercept | B17: 0.10880009 | C17: 0.042050692 | D17: 2.5873556 | E17: 0.010940006 | F17: 0.025490089 | G17: 0.1921101 | H17: 0.025490089 | I17: 0.1921101
A18: X Variable 1 | B18: -0.24193949 | C18: 0.091251965 | D18: -2.6513346 | E18: 0.0091688723 | F18: -0.42272609 | G18: -0.061152893 | H18: -0.42272609 | I18: -0.061152893

Sheet Error
B2: ='[1]Auto Regression'!C2 -> Time | C2: Actual dY | D2: Predicted dY | E2: e(t)
B3: ='[1]Auto Regression'!C4 -> 2 | C3: ='[1]Auto Regression'!D4 -> 0.40910542
B4: ='[1]Auto Regression'!C5 -> 3 | C4: ='[1]Auto Regression'!D5 -> -0.42182151 | D4: ='AR regression summary'!$B$17+('AR regression summary'!$B$18*Error!C3) -> 0.0098213376 | E4: =C4-D4 -> -0.43164284
B5: ='[1]Auto Regression'!C6 -> 4 | C5: ='[1]Auto Regression'!D6 -> 0.30287771 | D5: ='AR regression summary'!$B$17+('AR regression summary'!$B$18*Error!C4) -> 0.21085538 | E5: =C5-D5 -> 0.092022338
B6: ='[1]Auto Regression'!C7 -> 5 | C6: ='[1]Auto Regression'!D7 -> 0.83475811 | D6: ='AR regression summary'!$B$17+('AR regression summary'!$B$18*Error!C5) -> 0.035522014 | E6: =C6-D6 -> 0.79923609
B7: ='[1]Auto Regression'!C8 -> 6 | C7: ='[1]Auto Regression'!D8 -> -0.065766676 | D7: ='AR regression summary'!$B$17+('AR regression summary'!$B$18*Error!C6) -> -0.093160859 | E7: =C7-D7 -> 0.027394183
B8: ='[1]Auto Regression'!C9 -> 7 | C8: ='[1]Auto Regression'!D9 -> 0.50533627 | D8: ='AR regression summary'!$B$17+('AR regression summary'!$B$18*Error!C7) -> 0.12471165 | E8: =C8-D8 -> 0.38062462
B9: ='[1]Auto Regression'!C10 -> 8 | C9: ='[1]Auto Regression'!D10 -> 0.33620252 | D9: ='AR regression summary'!$B$17+('AR regression summary'!$B$18*Error!C8) -> -0.013460706 | E9: =C9-D9 -> 0.34966323
B10: ='[1]Auto Regression'!C11 -> 9 | C10: ='[1]Auto Regression'!D11 -> 0.27076227 | D10: ='AR regression summary'!$B$17+('AR regression summary'!$B$18*Error!C9) -> 0.027459427 | E10: =C10-D10 -> 0.24330285
B11: ='[1]Auto Regression'!C12 -> 10 | C11: ='[1]Auto Regression'!D12 -> -0.035625367 | D11: ='AR regression summary'!$B$17+('AR regression summary'!$B$18*Error!C10) -> 0.043292007 | E11: =C11-D11 -> -0.078917375
B12: ='[1]Auto Regression'!C13 -> 11 | C12: ='[1]Auto Regression'!D13 -> 0.52879844 | D12: ='AR regression summary'!$B$17+('AR regression summary'!$B$18*Error!C11) -> 0.11741928 | E12: =C12-D12 -> 0.41137916
B13: ='[1]Auto Regression'!C14 -> 12 | C13: ='[1]Auto Regression'!D14 -> 0.11564718 | D13: ='AR regression summary'!$B$17+('AR regression summary'!$B$18*Error!C12) -> -0.019137131 | E13: =C13-D13 -> 0.13478431
B14: ='[1]Auto Regression'!C15 -> 13 | C14: ='[1]Auto Regression'!D15 -> -0.85516565 | D14: ='AR regression summary'!$B$17+('AR regression summary'!$B$18*Error!C13) -> 0.080820474 | E14: =C14-D14 -> -0.93598613
B15: ='[1]Auto Regression'!C16 -> 14 | C15: ='[1]Auto Regression'!D16 -> 0.40767706 | D15: ='AR regression summary'!$B$17+('AR regression summary'!$B$18*Error!C14) -> 0.31569844 | E15: =C15-D15 -> 0.091978618
... B118: ='[1]Auto Regression'!C119 -> 117 | C118: ='[1]Auto Regression'!D119 -> -0.21081489 | D118: ='AR regression summary'!$B$17+('AR regression summary'!$B$18*Error!C117) -> 0.015241759 | E118: =C118-D118 -> -0.22605665
B119: ='[1]Auto Regression'!C120 -> 0
B120: ='[1]Auto Regression'!C121 -> 0

Sheet MA Data
B2: Time | C2: e(t) | D2: e(t-1)
B3: 2
B4: 3 | C4: -0.43164284
B5: 4 | C5: 0.092022338 | D5: =C4 -> -0.43164284
B6: 5 | C6: 0.79923609 | D6: =C5 -> 0.092022338
B7: 6 | C7: 0.027394183 | D7: =C6 -> 0.79923609
B8: 7 | C8: 0.38062462 | D8: =C7 -> 0.027394183
B9: 8 | C9: 0.34966323 | D9: =C8 -> 0.38062462
B10: 9 | C10: 0.24330285 | D10: =C9 -> 0.34966323
B11: 10 | C11: -0.078917375 | D11: =C10 -> 0.24330285
B12: 11 | C12: 0.41137916 | D12: =C11 -> -0.078917375
B13: 12 | C13: 0.13478431 | D13: =C12 -> 0.41137916
B14: 13 | C14: -0.93598613 | D14: =C13 -> 0.13478431
B15: 14 | C15: 0.091978618 | D15: =C14 -> -0.93598613
B16: 15 | C16: -0.14995635 | D16: =C15 -> 0.091978618
... B118: 117 | C118: -0.22605665 | D118: =C117 -> 0.33757773

Sheet MA regression summary
B2: SUMMARY OUTPUT
B4: Regression Statistics
B5: Multiple R | C5: 0.033715576
B6: R Square | C6: 0.0011367401
B7: Adjusted R Square | C7: -0.0077128175
B8: Standard Error | C8: 0.4397563
B9: Observations | C9: 114
B11: ANOVA
C12: df | D12: SS | E12: MS | F12: F | G12: Significance F
B13: Regression | C13: 1 | D13: 0.024868965 | E13: 0.024868965 | F13: 0.12859781 | G13: 0.7205654
B14: Residual | C14: 113 | D14: 21.852573 | E14: 0.1933856
B15: Total | C15: 114 | D15: 21.877442
C17: Coefficients | D17: Standard Error | E17: t Stat | F17: P-value | G17: Lower 95% | H17: Upper 95% | I17: Lower 95.0% | J17: Upper 95.0%
B18: Intercept | C18: 0 | D18: #N/A | E18: #N/A | F18: #N/A | G18: #N/A | H18: #N/A | I18: #N/A | J18: #N/A
B19: X Variable 1 | C19: 0.033611867 | D19: 0.093729402 | E19: 0.35860537 | F19: 0.72055944 | G19: -0.15208298 | H19: 0.21930672 | I19: -0.15208298 | J19: 0.21930672
