Workbook

Sheet data
A1: Time series giá cổ phiếu(Giá khớp - Matched Price) của vinamilk | S1: X | T1: Y
A2: ref | B2: https://www.cophieu68.vn/quote/history.php?cP=2&id=vnm | S2: y=Price | T2: y_lag1 | V2: dy | W2: dy_lag1
A3: Date | B3: Series | C3: y=Price | D3: y_lag1 | E3: dy | F3: dy_lag1 | S3: =C5 -> 60.5 | T3: =D5 -> 60.8 | V3: =E6 -> -4 | W3: =F6 -> -0.3
A4: 45748 | B4: 1 | C4: 60.8 | S4: =C6 -> 56.5 | T4: =D6 -> 60.5 | V4: =E7 -> 2 | W4: =F7 -> -4
A5: 45749 | B5: 2 | C5: 60.5 | D5: =C4 -> 60.8 | E5: =C5-C4 -> -0.3 | S5: =C7 -> 58.5 | T5: =D7 -> 56.5 | V5: =E8 -> -4 | W5: =F8 -> 2
A6: 45750 | B6: 3 | C6: 56.5 | D6: =C5 -> 60.5 | E6: =C6-C5 -> -4 | F6: =E5 -> -0.3 | S6: =C8 -> 54.5 | T6: =D8 -> 58.5 | V6: =E9 -> -2.5 | W6: =F9 -> -4
A7: 45751 | B7: 4 | C7: 58.5 | D7: =C6 -> 56.5 | E7: =C7-C6 -> 2 | F7: =E6 -> -4 | S7: =C9 -> 52 | T7: =D9 -> 54.5 | V7: =E10 -> 3.6 | W7: =F10 -> -2.5
A8: 45755 | B8: 5 | C8: 54.5 | D8: =C7 -> 58.5 | E8: =C8-C7 -> -4 | F8: =E7 -> 2 | S8: =C10 -> 55.6 | T8: =D10 -> 52 | V8: =E11 -> 1.9 | W8: =F11 -> 3.6
A9: 45756 | B9: 6 | C9: 52 | D9: =C8 -> 54.5 | E9: =C9-C8 -> -2.5 | F9: =E8 -> -4 | S9: =C11 -> 57.5 | T9: =D11 -> 55.6 | V9: =E12 -> -0.6 | W9: =F12 -> 1.9
A10: 45757 | B10: 7 | C10: 55.6 | D10: =C9 -> 52 | E10: =C10-C9 -> 3.6 | F10: =E9 -> -2.5 | S10: =C12 -> 56.9 | T10: =D12 -> 57.5 | V10: =E13 -> -0.6 | W10: =F13 -> -0.6
A11: 45758 | B11: 8 | C11: 57.5 | D11: =C10 -> 55.6 | E11: =C11-C10 -> 1.9 | F11: =E10 -> 3.6 | S11: =C13 -> 56.3 | T11: =D13 -> 56.9 | V11: =E14 -> -0.3 | W11: =F14 -> -0.6
A12: 45761 | B12: 9 | C12: 56.9 | D12: =C11 -> 57.5 | E12: =C12-C11 -> -0.6 | F12: =E11 -> 1.9 | S12: =C14 -> 56 | T12: =D14 -> 56.3 | V12: =E15 -> 0 | W12: =F15 -> -0.3
A13: 45762 | B13: 10 | C13: 56.3 | D13: =C12 -> 56.9 | E13: =C13-C12 -> -0.6 | F13: =E12 -> -0.6 | S13: =C15 -> 56 | T13: =D15 -> 56 | V13: =E16 -> 0.6 | W13: =F16 -> 0
A14: 45763 | B14: 11 | C14: 56 | D14: =C13 -> 56.3 | E14: =C14-C13 -> -0.3 | F14: =E13 -> -0.6 | S14: =C16 -> 56.6 | T14: =D16 -> 56 | V14: =E17 -> 0.1 | W14: =F17 -> 0.6
A15: 45764 | B15: 12 | C15: 56 | D15: =C14 -> 56 | E15: =C15-C14 -> 0 | F15: =E14 -> -0.3 | S15: =C17 -> 56.7 | T15: =D17 -> 56.6 | V15: =E18 -> -0.7 | W15: =F18 -> 0.1
A16: 45765 | B16: 13 | C16: 56.6 | D16: =C15 -> 56 | E16: =C16-C15 -> 0.6 | F16: =E15 -> 0 | S16: =C18 -> 56 | T16: =D18 -> 56.7 | V16: =E19 -> 0.4 | W16: =F19 -> -0.7
A17: 45768 | B17: 14 | C17: 56.7 | D17: =C16 -> 56.6 | E17: =C17-C16 -> 0.1 | F17: =E16 -> 0.6 | S17: =C19 -> 56.4 | T17: =D19 -> 56 | V17: =E20 -> -0.1 | W17: =F20 -> 0.4
... A20: 45771 | B20: 17 | C20: 56.3 | D20: =C19 -> 56.4 | E20: =C20-C19 -> -0.1 | F20: =E19 -> 0.4 | S20: =C22 -> 57.5 | T20: =D22 -> 58.3 | V20: =E23 -> 0.1 | W20: =F23 -> -0.8
A21: 45772 | B21: 18 | C21: 58.3 | D21: =C20 -> 56.3 | E21: =C21-C20 -> 2 | F21: =E20 -> -0.1 | S21: =C23 -> 57.6 | T21: =D23 -> 57.5
A22: 45775 | B22: 19 | C22: 57.5 | D22: =C21 -> 58.3 | E22: =C22-C21 -> -0.8 | F22: =E21 -> 2
A23: 45776 | B23: 20 | C23: 57.6 | D23: =C22 -> 57.5 | E23: =C23-C22 -> 0.1 | F23: =E22 -> -0.8

Sheet arima(1,1,1)
B1: y=Price | C1: y_lag1 | D1: dy | E1: dy_lag1 | F1: dy_pred | G1: e | H1: e_lag1
A2: 1 | B2: =data!C4 -> 60.8 | J2: I(1) | K2: dy(t) = y(t) - t(t-1) | N2: SUMMARY OUTPUT | P2: AR
A3: 2 | B3: =data!C5 -> 60.5 | C3: =B2 -> 60.8 | D3: =B3-C3 -> -0.3 | J3: AR(1) | K3: Ф0 | L3: Ф1
A4: 3 | B4: =data!C6 -> 56.5 | C4: =B3 -> 60.5 | D4: =B4-C4 -> -4 | E4: =D3 -> -0.3 | F4: =$K$4+$L$4*E4 -> -0.16126785 | G4: =D4-F4 -> -3.8387321 | K4: =O12 -> -0.20892929 | L4: =O13 -> -0.15887146 | N4: Regression Statistics | Q4: ANOVA
A5: 4 | B5: =data!C7 -> 58.5 | C5: =B4 -> 56.5 | D5: =B5-C5 -> 2 | E5: =D4 -> -4 | F5: =$K$4+$L$4*E5 -> 0.42655654 | G5: =D5-F5 -> 1.5734435 | H5: =G4 -> -3.8387321 | N5: Multiple R | O5: 0.15894229 | R5: df | S5: SS | T5: MS | U5: F | V5: Significance F
A6: 5 | B6: =data!C8 -> 54.5 | C6: =B5 -> 58.5 | D6: =B6-C6 -> -4 | E6: =D5 -> 2 | F6: =$K$4+$L$4*E6 -> -0.52667221 | G6: =D6-F6 -> -3.4733278 | H6: =G5 -> 1.5734435 | J6: MA(1) | K6: θ0 | L6: θ1 | N6: R Square | O6: 0.02526265 | Q6: Regression | R6: 1 | S6: 1.6366408 | T6: 1.6366408 | U6: 0.41467828 | V6: 0.52872826
A7: 6 | B7: =data!C9 -> 52 | C7: =B6 -> 54.5 | D7: =B7-C7 -> -2.5 | E7: =D6 -> -4 | F7: =$K$4+$L$4*E7 -> 0.42655654 | G7: =D7-F7 -> -2.9265565 | H7: =G6 -> -3.4733278 | K7: =O27 -> 0.24596007 | L7: =O28 -> -0.03969462 | N7: Adjusted R Square | O7: -0.035658434 | Q7: Residual | R7: 16 | S7: 63.148359 | T7: 3.9467724
A8: 7 | B8: =data!C10 -> 55.6 | C8: =B7 -> 52 | D8: =B8-C8 -> 3.6 | E8: =D7 -> -2.5 | F8: =$K$4+$L$4*E8 -> 0.18824936 | G8: =D8-F8 -> 3.4117506 | H8: =G7 -> -2.9265565 | N8: Standard Error | O8: 1.9866485 | Q8: Total | R8: 17 | S8: 64.785
A9: 8 | B9: =data!C11 -> 57.5 | C9: =B8 -> 55.6 | D9: =B9-C9 -> 1.9 | E9: =D8 -> 3.6 | F9: =$K$4+$L$4*E9 -> -0.78086654 | G9: =D9-F9 -> 2.6808665 | H9: =G8 -> 3.4117506 | J9: Dự báo | N9: Observations | O9: 18
A10: 9 | B10: =data!C12 -> 56.9 | C10: =B9 -> 57.5 | D10: =B10-C10 -> -0.6 | E10: =D9 -> 1.9 | F10: =$K$4+$L$4*E10 -> -0.51078506 | G10: =D10-F10 -> -0.089214939 | H10: =G9 -> 2.6808665 | J10: dy(t+1) = Ф0 + Ф1*dy(t) + θ0 + θ1*e(t)
A11: 10 | B11: =data!C13 -> 56.3 | C11: =B10 -> 56.9 | D11: =B11-C11 -> -0.6 | E11: =D10 -> -0.6 | F11: =$K$4+$L$4*E11 -> -0.11360642 | G11: =D11-F11 -> -0.48639358 | H11: =G10 -> -0.089214939 | J11: y(t+1) = y(t) + dt(t+1) | O11: Coefficients | P11: Standard Error | Q11: t Stat | R11: P-value | S11: Lower 95% | T11: Upper 95% | U11: Lower 95.0% | V11: Upper 95.0%
A12: 11 | B12: =data!C14 -> 56 | C12: =B11 -> 56.3 | D12: =B12-C12 -> -0.3 | E12: =D11 -> -0.6 | F12: =$K$4+$L$4*E12 -> -0.11360642 | G12: =D12-F12 -> -0.18639358 | H12: =G11 -> -0.48639358 | N12: Intercept | O12: -0.20892929 | P12: 0.46994153 | Q12: -0.44458571 | R12: 0.66257421 | S12: -1.2051608 | T12: 0.78730225 | U12: -1.2051608 | V12: 0.78730225
A13: 12 | B13: =data!C15 -> 56 | C13: =B12 -> 56 | D13: =B13-C13 -> 0 | E13: =D12 -> -0.3 | F13: =$K$4+$L$4*E13 -> -0.16126785 | G13: =D13-F13 -> 0.16126785 | H13: =G12 -> -0.18639358 | N13: X Variable 1 | O13: -0.15887146 | P13: 0.24671198 | Q13: -0.64395518 | R13: 0.52872826 | S13: -0.68187749 | T13: 0.36413458 | U13: -0.68187749 | V13: 0.36413458
A14: 13 | B14: =data!C16 -> 56.6 | C14: =B13 -> 56 | D14: =B14-C14 -> 0.6 | E14: =D13 -> 0 | F14: =$K$4+$L$4*E14 -> -0.20892929 | G14: =D14-F14 -> 0.80892929 | H14: =G13 -> 0.16126785
A15: 14 | B15: =data!C17 -> 56.7 | C15: =B14 -> 56.6 | D15: =B15-C15 -> 0.1 | E15: =D14 -> 0.6 | F15: =$K$4+$L$4*E15 -> -0.30425217 | G15: =D15-F15 -> 0.40425217 | H15: =G14 -> 0.80892929
A16: 15 | B16: =data!C18 -> 56 | C16: =B15 -> 56.7 | D16: =B16-C16 -> -0.7 | E16: =D15 -> 0.1 | F16: =$K$4+$L$4*E16 -> -0.22481644 | G16: =D16-F16 -> -0.47518356 | H16: =G15 -> 0.40425217 | N16: SUMMARY OUTPUT | P16: MA
A17: 16 | B17: =data!C19 -> 56.4 | C17: =B16 -> 56 | D17: =B17-C17 -> 0.4 | E17: =D16 -> -0.7 | F17: =$K$4+$L$4*E17 -> -0.09771927 | G17: =D17-F17 -> 0.49771927 | H17: =G16 -> -0.47518356
A18: 17 | B18: =data!C20 -> 56.3 | C18: =B17 -> 56.4 | D18: =B18-C18 -> -0.1 | E18: =D17 -> 0.4 | F18: =$K$4+$L$4*E18 -> -0.27247787 | G18: =D18-F18 -> 0.17247787 | H18: =G17 -> 0.49771927 | N18: Regression Statistics | Q18: ANOVA
A19: 18 | B19: =data!C21 -> 58.3 | C19: =B18 -> 56.3 | D19: =B19-C19 -> 2 | E19: =D18 -> -0.1 | F19: =$K$4+$L$4*E19 -> -0.19304214 | G19: =D19-F19 -> 2.1930421 | H19: =G18 -> 0.17247787 | N19: Multiple R | O19: 0.045802879 | R19: df | S19: SS | T19: MS | U19: F | V19: Significance F
A20: 19 | B20: =data!C22 -> 57.5 | C20: =B19 -> 58.3 | D20: =B20-C20 -> -0.8 | E20: =D19 -> 2 | F20: =$K$4+$L$4*E20 -> -0.52667221 | G20: =D20-F20 -> -0.27332779 | H20: =G19 -> 2.1930421 | N20: R Square | O20: 0.0020979037 | Q20: Regression | R20: 1 | S20: 0.099544864 | T20: 0.099544864 | U20: 0.031534712 | V20: 0.86142853
A21: 20 | B21: =data!C23 -> 57.6 | C21: =B20 -> 57.5 | D21: =B21-C21 -> 0.1 | E21: =D20 -> -0.8 | F21: =$K$4+$L$4*E21 -> -0.081832124 | G21: =D21-F21 -> 0.18183212 | H21: =G20 -> -0.27332779 | N21: Adjusted R Square | O21: -0.064428903 | Q21: Residual | R21: 15 | S21: 47.350137 | T21: 3.1566758
A22: 21 | B22: =B21+D22 -> 57.613926 | D22: =$K$4+$L$4*D21+$K$7+L7*G21 -> 0.013925872 | E22: =D21 -> 0.1 | F22: =$K$4+$L$4*E22 -> -0.22481644 | G22: =D22-F22 -> 0.23874231 | H22: =G21 -> 0.18183212 | N22: Standard Error | O22: 1.7767036 | Q22: Total | R22: 16 | S22: 47.449682
A23: 22 | B23: =B22+D23 -> 57.648744 | D23: =$K$4+$L$4*D22+$K$7+L8*G22 -> 0.034818352 | E23: =D22 -> 0.013925872 | F23: =$K$4+$L$4*E23 -> -0.21114171 | G23: =D23-F23 -> 0.24596007 | H23: =G22 -> 0.23874231 | N23: Observations | O23: 17
A24: 23 | B24: =B23+D24 -> 57.680243 | D24: =$K$4+$L$4*D23+$K$7+L9*G23 -> 0.031499133 | E24: =D23 -> 0.034818352 | F24: =$K$4+$L$4*E24 -> -0.21446093 | G24: =D24-F24 -> 0.24596007 | H24: =G23 -> 0.24596007
A25: 24 | B25: =B24+D25 -> 57.71227 | D25: =$K$4+$L$4*D24+$K$7+L10*G24 -> 0.032026462 | E25: =D24 -> 0.031499133 | F25: =$K$4+$L$4*E25 -> -0.2139336 | G25: =D25-F25 -> 0.24596007 | H25: =G24 -> 0.24596007
A26: 25 | B26: =B25+D26 -> 57.744213 | D26: =$K$4+$L$4*D25+$K$7+L11*G25 -> 0.031942685 | E26: =D25 -> 0.032026462 | F26: =$K$4+$L$4*E26 -> -0.21401738 | G26: =D26-F26 -> 0.24596007 | H26: =G25 -> 0.24596007 | O26: Coefficients | P26: Standard Error | Q26: t Stat | R26: P-value | S26: Lower 95% | T26: Upper 95% | U26: Lower 95.0% | V26: Upper 95.0%
N27: Intercept | O27: 0.24596007 | P27: 0.43091872 | Q27: 0.57078064 | R27: 0.57660006 | S27: -0.67252145 | T27: 1.1644416 | U27: -0.67252145 | V27: 1.1644416
N28: X Variable 1 | O28: -0.03969462 | P28: 0.22353072 | Q28: -0.17758016 | R28: 0.86142853 | S28: -0.51613907 | T28: 0.43674983 | U28: -0.51613907 | V28: 0.43674983
