Workbook

Sheet data
A1: Time series giá cổ phiếu(Giá khớp - Matched Price) của vinamilk | S1: X | T1: Y
A2: ref | B2: https://www.cophieu68.vn/quote/history.php?cP=2&id=vnm | S2: y=Price | T2: y_lag1 | V2: dy | W2: dy_lag1
A3: Date | B3: Series | C3: y=Price | D3: y_lag1 | E3: dy | F3: dy_lag1 | S3: =C5 -> 60.5 | T3: =D5 -> 60.8 | V3: =E6 -> -4 | W3: =F6 -> -0.3
A4: 45748 | B4: 1 | C4: 60.8 | S4: =C6 -> 56.5 | T4: =D6 -> 60.5 | V4: =E7 -> 2 | W4: =F7 -> -4
A5: 45749 | B5: 2 | C5: 60.5 | D5: =C4 -> 60.8 | E5: =C5-C4 -> -0.3 | S5: =C7 -> 58.5 | T5: =D7 -> 56.5 | V5: =E8 -> -4 | W5: =F8 -> 2
A6: 45750 | B6: 3 | C6: 56.5 | D6: =C5 -> 60.5 | E6: =C6-C5 -> -4 | F6: =E5 -> -0.3 | S6: =C8 -> 54.5 | T6: =D8 -> 58.5 | V6: =E9 -> -2.5 | W6: =F9 -> -4
A7: 45751 | B7: 4 | C7: 58.5 | D7: =C6 -> 56.5 | E7: =C7-C6 -> 2 | F7: =E6 -> -4 | S7: =C9 -> 52 | T7: =D9 -> 54.5 | V7: =E10 -> 3.6 | W7: =F10 -> -2.5
A8: 45755 | B8: 5 | C8: 54.5 | D8: =C7 -> 58.5 | E8: =C8-C7 -> -4 | F8: =E7 -> 2 | S8: =C10 -> 55.6 | T8: =D10 -> 52 | V8: =E11 -> 1.9 | W8: =F11 -> 3.6
A9: 45756 | B9: 6 | C9: 52 | D9: =C8 -> 54.5 | E9: =C9-C8 -> -2.5 | F9: =E8 -> -4 | S9: =C11 -> 57.5 | T9: =D11 -> 55.6 | V9: =E12 -> -0.6 | W9: =F12 -> 1.9
A10: 45757 | B10: 7 | C10: 55.6 | D10: =C9 -> 52 | E10: =C10-C9 -> 3.6 | F10: =E9 -> -2.5 | S10: =C12 -> 56.9 | T10: =D12 -> 57.5 | V10: =E13 -> -0.6 | W10: =F13 -> -0.6
A11: 45758 | B11: 8 | C11: 57.5 | D11: =C10 -> 55.6 | E11: =C11-C10 -> 1.9 | F11: =E10 -> 3.6 | S11: =C13 -> 56.3 | T11: =D13 -> 56.9 | V11: =E14 -> -0.3 | W11: =F14 -> -0.6
A12: 45761 | B12: 9 | C12: 56.9 | D12: =C11 -> 57.5 | E12: =C12-C11 -> -0.6 | F12: =E11 -> 1.9 | S12: =C14 -> 56 | T12: =D14 -> 56.3 | V12: =E15 -> 0 | W12: =F15 -> -0.3
A13: 45762 | B13: 10 | C13: 56.3 | D13: =C12 -> 56.9 | E13: =C13-C12 -> -0.6 | F13: =E12 -> -0.6 | S13: =C15 -> 56 | T13: =D15 -> 56 | V13: =E16 -> 0.6 | W13: =F16 -> 0
A14: 45763 | B14: 11 | C14: 56 | D14: =C13 -> 56.3 | E14: =C14-C13 -> -0.3 | F14: =E13 -> -0.6 | S14: =C16 -> 56.6 | T14: =D16 -> 56 | V14: =E17 -> 0.1 | W14: =F17 -> 0.6
A15: 45764 | B15: 12 | C15: 56 | D15: =C14 -> 56 | E15: =C15-C14 -> 0 | F15: =E14 -> -0.3 | S15: =C17 -> 56.7 | T15: =D17 -> 56.6 | V15: =E18 -> -0.7 | W15: =F18 -> 0.1
A16: 45765 | B16: 13 | C16: 56.6 | D16: =C15 -> 56 | E16: =C16-C15 -> 0.6 | F16: =E15 -> 0 | S16: =C18 -> 56 | T16: =D18 -> 56.7 | V16: =E19 -> 0.4 | W16: =F19 -> -0.7
A17: 45768 | B17: 14 | C17: 56.7 | D17: =C16 -> 56.6 | E17: =C17-C16 -> 0.1 | F17: =E16 -> 0.6 | S17: =C19 -> 56.4 | T17: =D19 -> 56 | V17: =E20 -> -0.1 | W17: =F20 -> 0.4
... A20: 45771 | B20: 17 | C20: 56.3 | D20: =C19 -> 56.4 | E20: =C20-C19 -> -0.1 | F20: =E19 -> 0.4 | S20: =C22 -> 57.5 | T20: =D22 -> 58.3 | V20: =E23 -> 0.1 | W20: =F23 -> -0.8
A21: 45772 | B21: 18 | C21: 58.3 | D21: =C20 -> 56.3 | E21: =C21-C20 -> 2 | F21: =E20 -> -0.1 | S21: =C23 -> 57.6 | T21: =D23 -> 57.5
A22: 45775 | B22: 19 | C22: 57.5 | D22: =C21 -> 58.3 | E22: =C22-C21 -> -0.8 | F22: =E21 -> 2
A23: 45776 | B23: 20 | C23: 57.6 | D23: =C22 -> 57.5 | E23: =C23-C22 -> 0.1 | F23: =E22 -> -0.8

Sheet arima
A1: Date | B1: Series | C1: y=Price | E1: I(1) | F1: AR(1) | H1: MA(1)
A2: =data!A4 -> 45748 | B2: =data!B4 -> 1 | C2: =data!C4 -> 60.8 | E2: dy | K2: Bước 1: Bước này là I(1) sai phân 1 | Q2: AR(1) | R2: SUMMARY OUTPUT
A3: =data!A5 -> 45749 | B3: =data!B5 -> 2 | C3: =data!C5 -> 60.5 | E3: =C3-C2 -> -0.3 | F3: dy_lag1 | G3: dy_pred | H3: e=dy - dy_pred | I3: e_lag1 | K3: Tính dy = y(t) - y(t-1)
A4: =data!A6 -> 45750 | B4: =data!B6 -> 3 | C4: =data!C6 -> 56.5 | E4: =C4-C3 -> -4 | F4: =E3 -> -0.3 | G4: =$L$9+$M$9*F4 -> -0.14255958 | H4: =E4-G4 -> -3.8574404 | K4: tính dy_lag1 trượt dy đi 1 ngày lấy làm giá trị dự báo của dy | R4: Regression Statistics | U4: ANOVA
A5: =data!A7 -> 45751 | B5: =data!B7 -> 4 | C5: =data!C7 -> 58.5 | E5: =C5-C4 -> 2 | F5: =E4 -> -4 | G5: =$L$9+$M$9*F5 -> 0.44578906 | H5: =E5-G5 -> 1.5542109 | I5: =H4 -> -3.8574404 | R5: Multiple R | S5: 0.15894229 | V5: df | W5: SS | X5: MS | Y5: F | Z5: Significance F
A6: =data!A8 -> 45755 | B6: =data!B8 -> 5 | C6: =data!C8 -> 54.5 | E6: =C6-C5 -> -4 | F6: =E5 -> 2 | G6: =$L$9+$M$9*F6 -> -0.50828981 | H6: =E6-G6 -> -3.4917102 | I6: =H5 -> 1.5542109 | K6: Bước 2: Bước này là AR(1) tự hồi qui | R6: R Square | S6: 0.02526265 | U6: Regression | V6: 1 | W6: 1.6381004 | X6: 1.6381004 | Y6: 0.41467828 | Z6: 0.52872826
A7: =data!A9 -> 45756 | B7: =data!B9 -> 6 | C7: =data!C9 -> 52 | E7: =C7-C6 -> -2.5 | F7: =E6 -> -4 | G7: =$L$9+$M$9*F7 -> 0.44578906 | H7: =E7-G7 -> -2.9457891 | I7: =H6 -> -3.4917102 | K7: Chạy Regression với y = dy và x = dy_lag1 | R7: Adjusted R Square | S7: -0.035658434 | U7: Residual | V7: 16 | W7: 63.204677 | X7: 3.9502923
A8: =data!A10 -> 45757 | B8: =data!B10 -> 7 | C8: =data!C10 -> 55.6 | E8: =C8-C7 -> 3.6 | F8: =E7 -> -2.5 | G8: =$L$9+$M$9*F8 -> 0.20726934 | H8: =E8-G8 -> 3.3927307 | I8: =H7 -> -2.9457891 | K8: Kết quả: | L8: beta_0 | M8: beta_1 | R8: Standard Error | S8: 1.9875342 | U8: Total | V8: 17 | W8: 64.842778
A9: =data!A11 -> 45758 | B9: =data!B11 -> 8 | C9: =data!C11 -> 57.5 | E9: =C9-C8 -> 1.9 | F9: =E8 -> 3.6 | G9: =$L$9+$M$9*F9 -> -0.76271085 | H9: =E9-G9 -> 2.6627108 | I9: =H8 -> 3.3927307 | L9: =S12 -> -0.19026352 | M9: =S13 -> -0.15901315 | R9: Observations | S9: 18
A10: =data!A12 -> 45761 | B10: =data!B12 -> 9 | C10: =data!C12 -> 56.9 | E10: =C10-C9 -> -0.6 | F10: =E9 -> 1.9 | G10: =$L$9+$M$9*F10 -> -0.4923885 | H10: =E10-G10 -> -0.1076115 | I10: =H9 -> 2.6627108
A11: =data!A13 -> 45762 | B11: =data!B13 -> 10 | C11: =data!C13 -> 56.3 | E11: =C11-C10 -> -0.6 | F11: =E10 -> -0.6 | G11: =$L$9+$M$9*F11 -> -0.094855634 | H11: =E11-G11 -> -0.50514437 | I11: =H10 -> -0.1076115 | K11: Bước 3: Bước này là MA(1) | S11: Coefficients | T11: Standard Error | U11: t Stat | V11: P-value | W11: Lower 95% | X11: Upper 95% | Y11: Lower 95.0% | Z11: Upper 95.0%
A12: =data!A14 -> 45763 | B12: =data!B14 -> 11 | C12: =data!C14 -> 56 | E12: =C12-C11 -> -0.3 | F12: =E11 -> -0.6 | G12: =$L$9+$M$9*F12 -> -0.094855634 | H12: =E12-G12 -> -0.20514437 | I12: =H11 -> -0.50514437 | K12: Tính dy_pred =beta_0 + beta_1*dy_lag1 | R12: Intercept | S12: -0.19026352 | T12: 0.47064863 | U12: -0.4042581 | V12: 0.69137528 | W12: -1.1879941 | X12: 0.80746701 | Y12: -1.1879941 | Z12: 0.80746701
A13: =data!A15 -> 45764 | B13: =data!B15 -> 12 | C13: =data!C15 -> 56 | E13: =C13-C12 -> 0 | F13: =E12 -> -0.3 | G13: =$L$9+$M$9*F13 -> -0.14255958 | H13: =E13-G13 -> 0.14255958 | I13: =H12 -> -0.20514437 | R13: X Variable 1 | S13: -0.15901315 | T13: 0.24693201 | U13: -0.64395518 | V13: 0.52872826 | W13: -0.68248562 | X13: 0.36445932 | Y13: -0.68248562 | Z13: 0.36445932
A14: =data!A16 -> 45765 | B14: =data!B16 -> 13 | C14: =data!C16 -> 56.6 | E14: =C14-C13 -> 0.6 | F14: =E13 -> 0 | G14: =$L$9+$M$9*F14 -> -0.19026352 | H14: =E14-G14 -> 0.79026352 | I14: =H13 -> 0.14255958 | K14: Bước 4:
A15: =data!A17 -> 45768 | B15: =data!B17 -> 14 | C15: =data!C17 -> 56.7 | E15: =C15-C14 -> 0.1 | F15: =E14 -> 0.6 | G15: =$L$9+$M$9*F15 -> -0.28567141 | H15: =E15-G15 -> 0.38567141 | I15: =H14 -> 0.79026352 | K15: Tính e(t) = dy - dy_pred
A16: =data!A18 -> 45769 | B16: =data!B18 -> 15 | C16: =data!C18 -> 56 | E16: =C16-C15 -> -0.7 | F16: =E15 -> 0.1 | G16: =$L$9+$M$9*F16 -> -0.20616484 | H16: =E16-G16 -> -0.49383516 | I16: =H15 -> 0.38567141 | K16: Trượt e(t-1) | Q16: MA(1) | R16: SUMMARY OUTPUT
A17: =data!A19 -> 45770 | B17: =data!B19 -> 16 | C17: =data!C19 -> 56.4 | E17: =C17-C16 -> 0.4 | F17: =E16 -> -0.7 | G17: =$L$9+$M$9*F17 -> -0.078954319 | H17: =E17-G17 -> 0.47895432 | I17: =H16 -> -0.49383516 | K17: Chạy Regression với y = e(t) và x = e(t-1)
A18: =data!A20 -> 45771 | B18: =data!B20 -> 17 | C18: =data!C20 -> 56.3 | E18: =C18-C17 -> -0.1 | F18: =E17 -> 0.4 | G18: =$L$9+$M$9*F18 -> -0.25386878 | H18: =E18-G18 -> 0.15386878 | I18: =H17 -> 0.47895432 | K18: Kết quả: | L18: theta_0 | M18: theta_1 | R18: Regression Statistics | U18: ANOVA
A19: =data!A21 -> 45772 | B19: =data!B21 -> 18 | C19: =data!C21 -> 58.3 | E19: =C19-C18 -> 2 | F19: =E18 -> -0.1 | G19: =$L$9+$M$9*F19 -> -0.17436221 | H19: =E19-G19 -> 2.1743622 | I19: =H18 -> 0.15386878 | L19: =S26 -> 0.22652862 | M19: =S27 -> -0.039581497 | R19: Multiple R | S19: 0.045672424 | V19: df | W19: SS | X19: MS | Y19: F | Z19: Significance F
A20: =data!A22 -> 45775 | B20: =data!B22 -> 19 | C20: =data!C22 -> 57.5 | E20: =C20-C19 -> -0.8 | F20: =E19 -> 2 | G20: =$L$9+$M$9*F20 -> -0.50828981 | H20: =E20-G20 -> -0.29171019 | I20: =H19 -> 2.1743622 | R20: R Square | S20: 0.0020859703 | U20: Regression | V20: 1 | W20: 0.098978345 | X20: 0.098978345 | Y20: 0.031354961 | Z20: 0.86181964
A21: =data!A23 -> 45776 | B21: =data!B23 -> 20 | C21: =data!C23 -> 57.6 | E21: =C21-C20 -> 0.1 | F21: =E20 -> -0.8 | G21: =$L$9+$M$9*F21 -> -0.063053004 | H21: =E21-G21 -> 0.163053 | I21: =H20 -> -0.29171019 | K21: Bước 5: dự báo với ARIMA(1,1,1) | R21: Adjusted R Square | S21: -0.064441632 | U21: Residual | V21: 15 | W21: 47.350567 | X21: 3.1567045
B22: =B21+1 -> 21 | C22: =$L$22+$M$9*E21+$M$19*H21 -> 56.802645 | E22: =C22-C21 -> -0.7973552 | F22: =E21 -> 0.1 | G22: =$L$9+$M$9*F22 -> -0.20616484 | H22: =E22-G22 -> -0.59119036 | K22: mean(y) | L22: =AVERAGE(C2:D21) -> 56.825 | R22: Standard Error | S22: 1.7767117 | U22: Total | V22: 16 | W22: 47.449546
B23: =B22+1 -> 22 | C23: =$L$22+$M$9*E22+$M$19*H22 -> 56.97519 | E23: =C23-C22 -> 0.17254535 | F23: =E22 -> -0.7973552 | G23: =$L$9+$M$9*F23 -> -0.063473563 | H23: =E23-G23 -> 0.23601892 | K23: y(t+1) = mean + beta_1*dy(t) + theta_1*e(t) | R23: Observations | S23: 17
B24: =B23+1 -> 23 | C24: =$L$22+$M$9*E23+$M$19*H23 -> 56.788221 | E24: =C24-C23 -> -0.18696912 | F24: =E23 -> 0.17254535 | G24: =$L$9+$M$9*F24 -> -0.2177005 | H24: =E24-G24 -> 0.030731381
B25: =B24+1 -> 24 | C25: =$L$22+$M$9*E24+$M$19*H24 -> 56.853514 | E25: =C25-C24 -> 0.065293116 | F25: =E24 -> -0.18696912 | G25: =$L$9+$M$9*F25 -> -0.16053297 | H25: =E25-G25 -> 0.22582609 | S25: Coefficients | T25: Standard Error | U25: t Stat | V25: P-value | W25: Lower 95% | X25: Upper 95% | Y25: Lower 95.0% | Z25: Upper 95.0%
R26: Intercept | S26: 0.22652862 | T26: 0.43092122 | U26: 0.52568454 | V26: 0.60679214 | W26: -0.69195821 | X26: 1.1450155 | Y26: -0.69195821 | Z26: 1.1450155
A27: 45776 | B27: 20 | C27: 57.6 | E27: 0.1 | G27: =E27*L35 -> 0.04122 | H27: =E27-G27 -> 0.05878 | R27: X Variable 1 | S27: -0.039581497 | T27: 0.22353168 | U27: -0.17707332 | V27: 0.86181964 | W27: -0.516028 | X27: 0.43686501 | Y27: -0.516028 | Z27: 0.43686501
C28: =C27+E28 -> 57.582469 | E28: =$L$35*E27+$L$36*H27 -> -0.01753061
K30: dy(t+1) = beta_0 + beta_1*dy(t) + theta_0 + theta_1*e(t)
K31: y(t+1) = y(t) + dy(t+1)
L35: 0.4122
L36: -0.9995
